iter	RMSE
0	121.0317286
1	120.1401552
